{
  "project_info": {
    "project_number": "328930047871",
    "firebase_url": "https://usuariose-350f4-default-rtdb.firebaseio.com",
    "project_id": "usuariose-350f4",
    "storage_bucket": "usuariose-350f4.appspot.com"
  },
  "client": [
    {
      "client_info": {
        "mobilesdk_app_id": "1:328930047871:android:44cc93aa86c3d74d770c4a",
        "android_client_info": {
          "package_name": "com.example.eth"
        }
      },
      "oauth_client": [],
      "api_key": [
        {
          "current_key": "AIzaSyC9B-kV9EjIW-LNqST36VqhE6poEgru4gg"
        }
      ],
      "services": {
        "appinvite_service": {
          "other_platform_oauth_client": []
        }
      }
    }
  ],
  "configuration_version": "1"
}